Clinical_Feature,Type,baseMean,FC,log2FC,Test,Stat,pvalue,adj_pvalue,Significant,Direction,abs_log2FC
BMI,Continuous,28.14390243902439,0.9064748235080998,-0.1416611438692931,Mann-Whitney U,523.0,0.005053377000895385,0.015160131002686155,True,No Change,0.1416611438692931
Age,Continuous,64.0377358490566,1.098360654125235,0.1353518507769095,Mann-Whitney U,1741.0,0.029165410783555407,0.04374811617533311,True,No Change,0.1353518507769095
